{
    "CHR": [
        0.3199,
        0.3364,
        0.3493,
        0.3676,
        0.3751,
        0.390,
        0.4183,
        0.438,
        0.4579
    ],
    "SPELL": [
        0.0010066,
        0.0011074,
        0.0012751,
        0.0014277,
        0.0014897
    ],
    "CTK": [
        0.5773,
        0.6451,
        0.7483,
        0.8589,
        0.9268
    ],
    "WIN": [
        0.0001752,
        0.0001864,
        0.0001986,
        0.000206
    ],
    "MBOX": [
        0.4242,
        0.4888,
        0.5496,
        0.6
    ],
    "ICP": [
        11.997,
        13.953,
        15.357,
        16.346,
        18.208
    ],
    "APT": [
        10.8326,
        12.4122,
        13.0527,
        13.7955,
        14.5526
    ],
    "AKRO": [
        0.006212,
        0.007155,
        0.007757,
        0.008328
    ],
    "ALPHA": [
        0.1858,
        0.1977,
        0.2182,
        0.2589,
        0.2981
    ],
    "AST": [
        0.159,
        0.173,
        0.185,
        0.1979,
        0.2393
    ],
    "FIDA": [
        0.4357,
        0.4524,
        0.4676,
        0.5038,
        0.5255,
        0.547,
        0.5628
    ],
    "BLZ": [
        0.3467,
        0.3651,
        0.3794,
        0.3928,
        0.4109,
        0.4272
    ],
    "DUSK": [
        0.3021,
        0.3236,
        0.3433,
        0.3568,
        0.37,
        0.379,
        0.4003,
        0.4361,
        0.4594,
        0.4863,
        0.5508
    ],
    "RUNE": [
        3.233,
        4.11,
        4.48,
        4.942,
        5.907,
        6.447,
        7.156,
        7.984,
        8.871,
        9.405,
        10.716,
        11.963,
        13.072,
        13.534
    ],
    "GRT": [
        0.3297,
        0.3599,
        0.3844,
        0.4081,
        0.4226,
        0.4572,
        0.4739,
        0.4941
    ],
    "GMT": [
        0.3322,
        0.3438,
        0.3561,
        0.3724,
        0.3842,
        0.4045,
        0.4202,
        0.4306,
        0.4395,
        0.4499
    ],
    "LSK": [
        1.836,
        1.975,
        2.149,
        2.188,
        2.28,
        2.361,
        2.48,
        2.546,
        2.704
    ],
    "MTL": [
        1.572,
        1.651,
        1.739,
        1.941,
        2.185,
        2.395,
        2.495,
        2.608,
        2.73,
        2.949,
        3.233,
        3.87
    ],
    "CRV": [
        0.4091,
        0.449,
        0.4939,
        0.5742,
        0.7213,
        0.8495,
        1.0316,
        1.1138,
        1.28,
        1.4759
    ],
    "XRP": [
        0.4948,
        0.5402,
        0.5838,
        0.6258,
        0.6732,
        0.7424,
        0.8853
    ]
}
